TID,movieID,MobileNum,Email,movieName,totalPrice
G02202211040107,0068646,87661029,keenlim12@gmail.com,The Godfather,34.0
G02202211041128,0068646,999,spf@gov.sg,The Godfather,18.0
R01202211041625,0068646,999,spf.gov.sg,The Godfather,12.0
F02202211042009,2958305,96615489,hello@gmail.com,Pulp Fiction,26.0
R01202211042058,0068646,87661029,keenlim12@gmail.com,The Godfather,18.0
G01202211042119,0068646,88888888,888@gmail.com,The Godfather,22.0
G01202211052355,0068646,98179283,tonytan@gmail.com,The Godfather,36.0
R01202211062403,0068646,81928592,tantan25@gmail.com,The Godfather,14.0
F02202211061203,6443346,123,234,Black Adam,18.0
F02202211061210,6443346,96615489,ke12@gmail.com,Black Adam,18.0
F02202211061224,6443346,123,123,Black Adam,18.0
R01202211061347,7194827,123,123,Deleted,16.0
F02202211061426,6443346,123,123,Black Adam,18.0
R01202211061450,6443346,88888888,88@gmail.com,Black Adam,16.0
R01202211061451,6443346,96615489,96@mail.com,Black Adam,30.0
F02202211082439,6443346,123,123,Black Adam,18.0
G01202211082442,6443346,999999999,99@gmail.com,Black Adam,50.0
G01202211082307,6443346,88888888,88@gmail.com,Black Adam,14.0
R01202211111133,6443346,8888888,888@gmail.com,Black Adam,16.0
R01202211111139,6443346,123,123,Black Adam,30.0
R01202211111345,6443346,123,123,Black Adam,16.0
F02202211111355,6443346,99999999,99@gmail.com,Black Adam,18.0
G01202211121125,7194827,88888888,88@mail.com,Deleted,50.0
